INSERT INTO HUB_GEO (SQN, GEO_NUMBER, GEO_LOAD_DATE, GEO_REC_SOURCE) VALUES ('14', '1001', '2014-07-02 00:00:00', 'A');
INSERT INTO HUB_GEO (SQN, GEO_NUMBER, GEO_LOAD_DATE, GEO_REC_SOURCE) VALUES ('15', '1002', '2014-07-02 00:00:00', 'A');
INSERT INTO HUB_GEO (SQN, GEO_NUMBER, GEO_LOAD_DATE, GEO_REC_SOURCE) VALUES ('16', '10001', '2014-07-02 00:00:00', 'A');
INSERT INTO HUB_GEO (SQN, GEO_NUMBER, GEO_LOAD_DATE, GEO_REC_SOURCE) VALUES ('17', '10002', '2014-07-02 00:00:00', 'A');
INSERT INTO HUB_GEO (SQN, GEO_NUMBER, GEO_LOAD_DATE, GEO_REC_SOURCE) VALUES ('18', '100011', '2014-07-02 00:00:00', 'A');
INSERT INTO HUB_GEO (SQN, GEO_NUMBER, GEO_LOAD_DATE, GEO_REC_SOURCE) VALUES ('19', '100021', '2014-07-02 00:00:00', 'A');
INSERT INTO HUB_GEO (SQN, GEO_NUMBER, GEO_LOAD_DATE, GEO_REC_SOURCE) VALUES ('20', '100022', '2014-07-02 00:00:00', 'A');

INSERT INTO HUB_KND (SQN, KND_NUMBER, KND_LOAD_DATE, KND_REC_SOURCE) VALUES ('19', '100001', '2014-07-02 00:00:00', 'A');
INSERT INTO HUB_KND (SQN, KND_NUMBER, KND_LOAD_DATE, KND_REC_SOURCE) VALUES ('20', '100002', '2014-07-02 00:00:00', 'A');
INSERT INTO HUB_KND (SQN, KND_NUMBER, KND_LOAD_DATE, KND_REC_SOURCE) VALUES ('21', '100003', '2014-07-02 00:00:00', 'A');
INSERT INTO HUB_KND (SQN, KND_NUMBER, KND_LOAD_DATE, KND_REC_SOURCE) VALUES ('22', '100004', '2014-07-02 00:00:00', 'A');

INSERT INTO HUB_KTO (SQN, KTO_NUMBER, KTO_LOAD_DATE, KTO_REC_SOURCE) VALUES ('17', '500001', '2014-07-02 00:00:00', 'A');
INSERT INTO HUB_KTO (SQN, KTO_NUMBER, KTO_LOAD_DATE, KTO_REC_SOURCE) VALUES ('18', '500002', '2014-07-02 00:00:00', 'A');
INSERT INTO HUB_KTO (SQN, KTO_NUMBER, KTO_LOAD_DATE, KTO_REC_SOURCE) VALUES ('19', '500003', '2014-07-02 00:00:00', 'A');
INSERT INTO HUB_KTO (SQN, KTO_NUMBER, KTO_LOAD_DATE, KTO_REC_SOURCE) VALUES ('20', '500004', '2014-07-02 00:00:00', 'A');

INSERT INTO HUB_UMS_ART (SQN, UMS_ART_NUMBER, UMS_ART_LOAD_DATE, UMS_ART_REC_SOURCE) VALUES ('34', '1', '2014-07-02 00:00:00', 'A');
INSERT INTO HUB_UMS_ART (SQN, UMS_ART_NUMBER, UMS_ART_LOAD_DATE, UMS_ART_REC_SOURCE) VALUES ('35', '2', '2014-07-02 00:00:00', 'A');
INSERT INTO HUB_UMS_ART (SQN, UMS_ART_NUMBER, UMS_ART_LOAD_DATE, UMS_ART_REC_SOURCE) VALUES ('36', '3', '2014-07-02 00:00:00', 'A');
INSERT INTO HUB_UMS_ART (SQN, UMS_ART_NUMBER, UMS_ART_LOAD_DATE, UMS_ART_REC_SOURCE) VALUES ('37', '4', '2014-07-02 00:00:00', 'A');
INSERT INTO HUB_UMS_ART (SQN, UMS_ART_NUMBER, UMS_ART_LOAD_DATE, UMS_ART_REC_SOURCE) VALUES ('38', '5', '2014-07-02 00:00:00', 'A');
INSERT INTO HUB_UMS_ART (SQN, UMS_ART_NUMBER, UMS_ART_LOAD_DATE, UMS_ART_REC_SOURCE) VALUES ('39', '6', '2014-07-02 00:00:00', 'A');

INSERT INTO LINK_KND_GEO (SQN, HUB_KND_SQN, HUB_GEO_SQN, LOAD_DATE, REC_SOURCE) VALUES ('1', '19', '18', '2014-05-05 00:00:00', 'A');
INSERT INTO LINK_KND_GEO (SQN, HUB_KND_SQN, HUB_GEO_SQN, LOAD_DATE, REC_SOURCE) VALUES ('2', '20', '18', '2014-05-05 00:00:00', 'A');
INSERT INTO LINK_KND_GEO (SQN, HUB_KND_SQN, HUB_GEO_SQN, LOAD_DATE, REC_SOURCE) VALUES ('3', '22', '18', '2014-05-05 00:00:00', 'A');
INSERT INTO LINK_KND_GEO (SQN, HUB_KND_SQN, HUB_GEO_SQN, LOAD_DATE, REC_SOURCE) VALUES ('4', '19', '18', '2014-05-05 00:00:00', 'A');
INSERT INTO LINK_KND_GEO (SQN, HUB_KND_SQN, HUB_GEO_SQN, LOAD_DATE, REC_SOURCE) VALUES ('5', '21', '19', '2014-05-05 00:00:00', 'A');
INSERT INTO LINK_KND_GEO (SQN, HUB_KND_SQN, HUB_GEO_SQN, LOAD_DATE, REC_SOURCE) VALUES ('6', '19', '18', '2014-05-05 00:00:00', 'A');
INSERT INTO LINK_KND_GEO (SQN, HUB_KND_SQN, HUB_GEO_SQN, LOAD_DATE, REC_SOURCE) VALUES ('7', '20', '18', '2014-05-05 00:00:00', 'A');
INSERT INTO LINK_KND_GEO (SQN, HUB_KND_SQN, HUB_GEO_SQN, LOAD_DATE, REC_SOURCE) VALUES ('8', '22', '18', '2014-05-05 00:00:00', 'A');
INSERT INTO LINK_KND_GEO (SQN, HUB_KND_SQN, HUB_GEO_SQN, LOAD_DATE, REC_SOURCE) VALUES ('9', '19', '18', '2014-05-05 00:00:00', 'A');
INSERT INTO LINK_KND_GEO (SQN, HUB_KND_SQN, HUB_GEO_SQN, LOAD_DATE, REC_SOURCE) VALUES ('10', '21', '19', '2014-05-05 00:00:00', 'A');

INSERT INTO LINK_KTO_KND (SQN, HUB_KTO_SQN, HUB_KND_SQN, LOAD_DATE, REC_SOURCE) VALUES ('8', '18', '19', '2014-01-03 00:00:00', 'A');
INSERT INTO LINK_KTO_KND (SQN, HUB_KTO_SQN, HUB_KND_SQN, LOAD_DATE, REC_SOURCE) VALUES ('9', '18', '19', '2014-03-26 00:00:00', 'A');
INSERT INTO LINK_KTO_KND (SQN, HUB_KTO_SQN, HUB_KND_SQN, LOAD_DATE, REC_SOURCE) VALUES ('10', '19', '22', '2012-07-28 00:00:00', 'A');
INSERT INTO LINK_KTO_KND (SQN, HUB_KTO_SQN, HUB_KND_SQN, LOAD_DATE, REC_SOURCE) VALUES ('11', '18', '19', '2014-01-03 00:00:00', 'A');
INSERT INTO LINK_KTO_KND (SQN, HUB_KTO_SQN, HUB_KND_SQN, LOAD_DATE, REC_SOURCE) VALUES ('12', '18', '19', '2014-03-26 00:00:00', 'A');

INSERT INTO HAL_LINK_GEO (SQN, HUB_GEO_SQN, HUB_GEO_PARENT_SQN, LOAD_DATE, REC_SOURCE) VALUES ('7', '16', '14', '2014-07-03 00:00:00', 'A');
INSERT INTO HAL_LINK_GEO (SQN, HUB_GEO_SQN, HUB_GEO_PARENT_SQN, LOAD_DATE, REC_SOURCE) VALUES ('8', '17', '14', '2014-07-03 00:00:00', 'A');
INSERT INTO HAL_LINK_GEO (SQN, HUB_GEO_SQN, HUB_GEO_PARENT_SQN, LOAD_DATE, REC_SOURCE) VALUES ('10', '18', '16', '2014-07-03 00:00:00', 'A');
INSERT INTO HAL_LINK_GEO (SQN, HUB_GEO_SQN, HUB_GEO_PARENT_SQN, LOAD_DATE, REC_SOURCE) VALUES ('11', '19', '16', '2014-07-03 00:00:00', 'A');
INSERT INTO HAL_LINK_GEO (SQN, HUB_GEO_SQN, HUB_GEO_PARENT_SQN, LOAD_DATE, REC_SOURCE) VALUES ('12', '20', '16', '2014-07-03 00:00:00', 'A');

INSERT INTO TA_LINK_UMS (SQN, HUB_KTO_SQN, HUB_UMS_ART_SQN, LOAD_DATE, REC_SOURCE) VALUES ('50', '19', '34', '2014-02-26 00:00:00', 'A');
INSERT INTO TA_LINK_UMS (SQN, HUB_KTO_SQN, HUB_UMS_ART_SQN, LOAD_DATE, REC_SOURCE) VALUES ('51', '18', '35', '2014-02-27 00:00:00', 'A');
INSERT INTO TA_LINK_UMS (SQN, HUB_KTO_SQN, HUB_UMS_ART_SQN, LOAD_DATE, REC_SOURCE) VALUES ('52', '18', '36', '2014-02-27 00:00:00', 'A');
INSERT INTO TA_LINK_UMS (SQN, HUB_KTO_SQN, HUB_UMS_ART_SQN, LOAD_DATE, REC_SOURCE) VALUES ('53', '20', '36', '2014-02-28 00:00:00', 'A');
INSERT INTO TA_LINK_UMS (SQN, HUB_KTO_SQN, HUB_UMS_ART_SQN, LOAD_DATE, REC_SOURCE) VALUES ('54', '17', '36', '2014-03-03 00:00:00', 'A');
INSERT INTO TA_LINK_UMS (SQN, HUB_KTO_SQN, HUB_UMS_ART_SQN, LOAD_DATE, REC_SOURCE) VALUES ('55', '17', '34', '2014-03-04 00:00:00', 'A');
INSERT INTO TA_LINK_UMS (SQN, HUB_KTO_SQN, HUB_UMS_ART_SQN, LOAD_DATE, REC_SOURCE) VALUES ('56', '17', '35', '2014-03-07 00:00:00', 'A');

INSERT INTO PIT_HUB_KND (SQN, LOAD_DATE, LOAD_END_DATE, KND_LOAD_DATE, KND_ADDRESS_LOAD_DATE) VALUES ('19', '1970-01-01 00:00:00', '1970-01-04 00:00:00', '1970-01-01 00:00:00', 'NULL');
INSERT INTO PIT_HUB_KND (SQN, LOAD_DATE, LOAD_END_DATE, KND_LOAD_DATE, KND_ADDRESS_LOAD_DATE) VALUES ('19', '1970-01-05 00:00:00', '2014-06-11 00:00:00', '1970-01-01 00:00:00', '1970-01-05 00:00:00');
INSERT INTO PIT_HUB_KND (SQN, LOAD_DATE, LOAD_END_DATE, KND_LOAD_DATE, KND_ADDRESS_LOAD_DATE) VALUES ('19', '2014-06-12 00:00:00', '2014-06-15 00:00:00', '2014-06-12 00:00:00', '1970-01-05 00:00:00');
INSERT INTO PIT_HUB_KND (SQN, LOAD_DATE, LOAD_END_DATE, KND_LOAD_DATE, KND_ADDRESS_LOAD_DATE) VALUES ('19', '2014-06-16 00:00:00', 'NULL', '2014-06-12 00:00:00', '2014-06-16 00:00:00');
INSERT INTO PIT_HUB_KND (SQN, LOAD_DATE, LOAD_END_DATE, KND_LOAD_DATE, KND_ADDRESS_LOAD_DATE) VALUES ('20', '1970-01-01 00:00:00', '1970-01-04 00:00:00', '1970-01-01 00:00:00', 'NULL');
INSERT INTO PIT_HUB_KND (SQN, LOAD_DATE, LOAD_END_DATE, KND_LOAD_DATE, KND_ADDRESS_LOAD_DATE) VALUES ('20', '1970-01-05 00:00:00', 'NULL', '1970-01-01 00:00:00', '1970-01-05 00:00:00');
INSERT INTO PIT_HUB_KND (SQN, LOAD_DATE, LOAD_END_DATE, KND_LOAD_DATE, KND_ADDRESS_LOAD_DATE) VALUES ('21', '1970-01-01 00:00:00', '1970-01-04 00:00:00', '1970-01-01 00:00:00', 'NULL');
INSERT INTO PIT_HUB_KND (SQN, LOAD_DATE, LOAD_END_DATE, KND_LOAD_DATE, KND_ADDRESS_LOAD_DATE) VALUES ('21', '1970-01-05 00:00:00', 'NULL', '1970-01-01 00:00:00', '1970-01-05 00:00:00');
INSERT INTO PIT_HUB_KND (SQN, LOAD_DATE, LOAD_END_DATE, KND_LOAD_DATE, KND_ADDRESS_LOAD_DATE) VALUES ('22', '1970-01-01 00:00:00', '1970-01-04 00:00:00', '1970-01-01 00:00:00', 'NULL');
INSERT INTO PIT_HUB_KND (SQN, LOAD_DATE, LOAD_END_DATE, KND_LOAD_DATE, KND_ADDRESS_LOAD_DATE) VALUES ('22', '1970-01-05 00:00:00', 'NULL', '1970-01-01 00:00:00', '1970-01-05 00:00:00');

INSERT INTO SAT_GEO (SQN, LOAD_DATE, LOAD_END_DATE, REC_SOURCE, BEZ_GEB_REGION, BLZ) VALUES ('14', '2014-07-04 00:00:00', 'NULL', 'A', 'Westfalen', 'NULL');
INSERT INTO SAT_GEO (SQN, LOAD_DATE, LOAD_END_DATE, REC_SOURCE, BEZ_GEB_REGION, BLZ) VALUES ('15', '2014-07-04 00:00:00', 'NULL', 'A', 'Rheinland', 'NULL');
INSERT INTO SAT_GEO (SQN, LOAD_DATE, LOAD_END_DATE, REC_SOURCE, BEZ_GEB_REGION, BLZ) VALUES ('16', '2014-07-04 00:00:00', 'NULL', 'A', 'Münster', 'NULL');
INSERT INTO SAT_GEO (SQN, LOAD_DATE, LOAD_END_DATE, REC_SOURCE, BEZ_GEB_REGION, BLZ) VALUES ('17', '2014-07-04 00:00:00', 'NULL', 'A', 'Dortmund', 'NULL');
INSERT INTO SAT_GEO (SQN, LOAD_DATE, LOAD_END_DATE, REC_SOURCE, BEZ_GEB_REGION, BLZ) VALUES ('18', '2014-07-04 00:00:00', 'NULL', 'A', 'Innenstadt', '40050155');
INSERT INTO SAT_GEO (SQN, LOAD_DATE, LOAD_END_DATE, REC_SOURCE, BEZ_GEB_REGION, BLZ) VALUES ('19', '2014-07-04 00:00:00', 'NULL', 'A', 'Zentrum Nord', '40154530');
INSERT INTO SAT_GEO (SQN, LOAD_DATE, LOAD_END_DATE, REC_SOURCE, BEZ_GEB_REGION, BLZ) VALUES ('20', '2014-07-04 00:00:00', 'NULL', 'A', 'Gievenbeck', '40154530');

INSERT INTO SAT_KND (SQN, LOAD_DATE, LOAD_END_DATE, REC_SOURCE, FAMILIENSTAND, GESCHLECHT, NACHNAME, VORNAME, BERUF, GEBURTSDATUM, VERSTORBEN, BLZ, WERBUNGSVERBOT) VALUES ('19', '1970-01-01 00:00:00', '2014-06-11 00:00:00', 'A', '2', '1', 'Müller', 'Heiner', '1', '1962-03-24', '0', '40050150', '0');
INSERT INTO SAT_KND (SQN, LOAD_DATE, LOAD_END_DATE, REC_SOURCE, FAMILIENSTAND, GESCHLECHT, NACHNAME, VORNAME, BERUF, GEBURTSDATUM, VERSTORBEN, BLZ, WERBUNGSVERBOT) VALUES ('19', '2014-06-12 00:00:00', 'NULL', 'A', '2', '1', 'Müller', 'Heiner', '2', '1962-03-24', '0', '40050150', '0');
INSERT INTO SAT_KND (SQN, LOAD_DATE, LOAD_END_DATE, REC_SOURCE, FAMILIENSTAND, GESCHLECHT, NACHNAME, VORNAME, BERUF, GEBURTSDATUM, VERSTORBEN, BLZ, WERBUNGSVERBOT) VALUES ('20', '1970-01-01 00:00:00', 'NULL', 'A', '2', '2', 'Müller', 'Gertrud', '1', '1963-09-22', '0', '40050150', '0');
INSERT INTO SAT_KND (SQN, LOAD_DATE, LOAD_END_DATE, REC_SOURCE, FAMILIENSTAND, GESCHLECHT, NACHNAME, VORNAME, BERUF, GEBURTSDATUM, VERSTORBEN, BLZ, WERBUNGSVERBOT) VALUES ('21', '1970-01-01 00:00:00', 'NULL', 'A', '2', '1', 'Becker', 'Heinz', '2', '1972-04-03', '0', '40154530', '0');
INSERT INTO SAT_KND (SQN, LOAD_DATE, LOAD_END_DATE, REC_SOURCE, FAMILIENSTAND, GESCHLECHT, NACHNAME, VORNAME, BERUF, GEBURTSDATUM, VERSTORBEN, BLZ, WERBUNGSVERBOT) VALUES ('22', '1970-01-01 00:00:00', 'NULL', 'A', '2', '2', 'Becker', 'Laura', '3', '1970-07-12', '0', '40050150', '0');

INSERT INTO SAT_KND_ADDRESS (SQN, LOAD_DATE, LOAD_END_DATE, REC_SOURCE, STRASSE, HAUSNUMMER, POSTLEITZAHL, ORT, LAND) VALUES ('19', '1970-01-05 00:00:00', '2014-06-15 00:00:00', 'A', 'Müllerstraße ', '10', '48149', 'Münster', 'DEU');
INSERT INTO SAT_KND_ADDRESS (SQN, LOAD_DATE, LOAD_END_DATE, REC_SOURCE, STRASSE, HAUSNUMMER, POSTLEITZAHL, ORT, LAND) VALUES ('19', '2014-06-16 00:00:00', 'NULL', 'A', 'Müllerstraße', '10', '48149', 'Münster', 'DEU');
INSERT INTO SAT_KND_ADDRESS (SQN, LOAD_DATE, LOAD_END_DATE, REC_SOURCE, STRASSE, HAUSNUMMER, POSTLEITZAHL, ORT, LAND) VALUES ('20', '1970-01-05 00:00:00', 'NULL', 'A', 'Müllerstraße ', '10', '48149', 'Münster', 'DEU');
INSERT INTO SAT_KND_ADDRESS (SQN, LOAD_DATE, LOAD_END_DATE, REC_SOURCE, STRASSE, HAUSNUMMER, POSTLEITZAHL, ORT, LAND) VALUES ('21', '1970-01-05 00:00:00', 'NULL', 'A', 'Beckerstraße', '30', '48147', 'Münster', 'DEU');
INSERT INTO SAT_KND_ADDRESS (SQN, LOAD_DATE, LOAD_END_DATE, REC_SOURCE, STRASSE, HAUSNUMMER, POSTLEITZAHL, ORT, LAND) VALUES ('22', '1970-01-05 00:00:00', 'NULL', 'A', 'Meierstraße', '30a', '48149', 'Münster', 'DEU');

INSERT INTO SAT_KTO (SQN, LOAD_DATE, LOAD_END_DATE, REC_SOURCE, TARIF, SPARZIEL, EINRICHTUNGSBLZ, LEBEND) VALUES ('17', '2014-01-03 00:00:00', '2014-01-15 00:00:00', 'A', '113', '1000.00', 'NULL', '1');
INSERT INTO SAT_KTO (SQN, LOAD_DATE, LOAD_END_DATE, REC_SOURCE, TARIF, SPARZIEL, EINRICHTUNGSBLZ, LEBEND) VALUES ('17', '2014-01-16 00:00:00', '2014-05-06 00:00:00', 'A', '113', '5000.00', 'NULL', '1');
INSERT INTO SAT_KTO (SQN, LOAD_DATE, LOAD_END_DATE, REC_SOURCE, TARIF, SPARZIEL, EINRICHTUNGSBLZ, LEBEND) VALUES ('17', '2014-05-07 00:00:00', 'NULL', 'A', '113', '5000.00', 'NULL', '0');
INSERT INTO SAT_KTO (SQN, LOAD_DATE, LOAD_END_DATE, REC_SOURCE, TARIF, SPARZIEL, EINRICHTUNGSBLZ, LEBEND) VALUES ('18', '2014-01-03 00:00:00', '2014-03-26 00:00:00', 'A', '157', '750000.00', 'NULL', '1');
INSERT INTO SAT_KTO (SQN, LOAD_DATE, LOAD_END_DATE, REC_SOURCE, TARIF, SPARZIEL, EINRICHTUNGSBLZ, LEBEND) VALUES ('18', '2014-03-26 00:00:00', 'NULL', 'A', '157', '850000.00', 'NULL', '1');
INSERT INTO SAT_KTO (SQN, LOAD_DATE, LOAD_END_DATE, REC_SOURCE, TARIF, SPARZIEL, EINRICHTUNGSBLZ, LEBEND) VALUES ('19', '2012-07-28 00:00:00', 'NULL', 'A', '119', '4500.00', 'NULL', '1');
INSERT INTO SAT_KTO (SQN, LOAD_DATE, LOAD_END_DATE, REC_SOURCE, TARIF, SPARZIEL, EINRICHTUNGSBLZ, LEBEND) VALUES ('20', '2009-03-04 00:00:00', 'NULL', 'A', '187', '11111.11', 'NULL', '1');

INSERT INTO SAT_KTO_BESTAND (SQN, LOAD_DATE, LOAD_END_DATE, REC_SOURCE, F_KONTOSTAND, F_BEWERTUNGSZAHL) VALUES ('17', '2014-02-28 00:00:00', 'NULL', 'A', '-445.00', '2.17');
INSERT INTO SAT_KTO_BESTAND (SQN, LOAD_DATE, LOAD_END_DATE, REC_SOURCE, F_KONTOSTAND, F_BEWERTUNGSZAHL) VALUES ('18', '2014-03-07 00:00:00', 'NULL', 'A', '-79.83', '8.79');
INSERT INTO SAT_KTO_BESTAND (SQN, LOAD_DATE, LOAD_END_DATE, REC_SOURCE, F_KONTOSTAND, F_BEWERTUNGSZAHL) VALUES ('18', '2014-06-30 00:00:00', 'NULL', 'A', '17000.00', '3.90');
INSERT INTO SAT_KTO_BESTAND (SQN, LOAD_DATE, LOAD_END_DATE, REC_SOURCE, F_KONTOSTAND, F_BEWERTUNGSZAHL) VALUES ('19', '2014-02-28 00:00:00', 'NULL', 'A', '250.00', '9.99');
INSERT INTO SAT_KTO_BESTAND (SQN, LOAD_DATE, LOAD_END_DATE, REC_SOURCE, F_KONTOSTAND, F_BEWERTUNGSZAHL) VALUES ('19', '2014-06-30 00:00:00', 'NULL', 'A', '4000.00', '9.99');
INSERT INTO SAT_KTO_BESTAND (SQN, LOAD_DATE, LOAD_END_DATE, REC_SOURCE, F_KONTOSTAND, F_BEWERTUNGSZAHL) VALUES ('20', '2014-02-28 00:00:00', 'NULL', 'A', '-67.79', '9.99');
INSERT INTO SAT_KTO_BESTAND (SQN, LOAD_DATE, LOAD_END_DATE, REC_SOURCE, F_KONTOSTAND, F_BEWERTUNGSZAHL) VALUES ('20', '2014-03-07 00:00:00', 'NULL', 'A', '19000.00', '9.99');

INSERT INTO SAT_UMS (SQN, LOAD_DATE, REC_SOURCE, UMSATZBETRAG, STORNO) VALUES ('50', '2014-02-26 00:00:00', 'A', '250.00', '0');
INSERT INTO SAT_UMS (SQN, LOAD_DATE, REC_SOURCE, UMSATZBETRAG, STORNO) VALUES ('51', '2014-02-27 00:00:00', 'A', '700.00', '0');
INSERT INTO SAT_UMS (SQN, LOAD_DATE, REC_SOURCE, UMSATZBETRAG, STORNO) VALUES ('52', '2014-02-27 00:00:00', 'A', '-50.00', '0');
INSERT INTO SAT_UMS (SQN, LOAD_DATE, REC_SOURCE, UMSATZBETRAG, STORNO) VALUES ('53', '2014-02-28 00:00:00', 'A', '-67.79', '0');
INSERT INTO SAT_UMS (SQN, LOAD_DATE, REC_SOURCE, UMSATZBETRAG, STORNO) VALUES ('54', '2014-03-03 00:00:00', 'A', '-445.00', '0');
INSERT INTO SAT_UMS (SQN, LOAD_DATE, REC_SOURCE, UMSATZBETRAG, STORNO) VALUES ('55', '2014-03-04 00:00:00', 'A', '24.00', '0');
INSERT INTO SAT_UMS (SQN, LOAD_DATE, REC_SOURCE, UMSATZBETRAG, STORNO) VALUES ('56', '2014-03-07 00:00:00', 'A', '179.00', '0');

INSERT INTO SAT_UMS_ART (SQN, LOAD_DATE, LOAD_END_DATE, REC_SOURCE, NAME, GRUPPENNAME) VALUES ('34', '2010-01-01 00:00:00', 'NULL', 'A', 'Einzahlung bar', 'Einzahlung');
INSERT INTO SAT_UMS_ART (SQN, LOAD_DATE, LOAD_END_DATE, REC_SOURCE, NAME, GRUPPENNAME) VALUES ('35', '2010-01-01 00:00:00', 'NULL', 'A', 'Einzahlung per Lastschrift', 'Einzahlung');
INSERT INTO SAT_UMS_ART (SQN, LOAD_DATE, LOAD_END_DATE, REC_SOURCE, NAME, GRUPPENNAME) VALUES ('36', '2011-01-01 00:00:00', 'NULL', 'A', 'Auszahlung bar', 'Auszahlung');
INSERT INTO SAT_UMS_ART (SQN, LOAD_DATE, LOAD_END_DATE, REC_SOURCE, NAME, GRUPPENNAME) VALUES ('37', '2010-01-01 00:00:00', 'NULL', 'A', 'Kirchensteuer', 'Steuern');
INSERT INTO SAT_UMS_ART (SQN, LOAD_DATE, LOAD_END_DATE, REC_SOURCE, NAME, GRUPPENNAME) VALUES ('38', '2010-01-01 00:00:00', 'NULL', 'A', 'Guthabenzinsen', 'Zinsen');
INSERT INTO SAT_UMS_ART (SQN, LOAD_DATE, LOAD_END_DATE, REC_SOURCE, NAME, GRUPPENNAME) VALUES ('39', '2014-03-27 00:00:00', 'NULL', 'A', 'Abbuchung per Lastschrift', 'Auszahlung');
